Nombre del Empleo, CompaÃ±ia
Junior Front End Developer,PRGX Global Inc.
Web Front End Software Engineer,Google Fiber
Junior Front-End Developer,HireMeFast - Land A Job - Hire Top Talents Remotely - Staffing & Recruitment
Junior Web Developer,PureTalk
Junior Full Stack Developer,Intelligent Waves
Junior Frontend Engineer (JavaScript/HTML/CSS),Pattern Learning AI - Career & Tech Recruitment Reimagined!
Jr. Full Stack Developer,Stellar Professionals
FrontEnd Developer Intern,InstaHub
Front End Developer,Experfy
"Junior Front End Developer, US",Pattern Learning AI - Career & Tech Recruitment Reimagined!
Junior Full Stack Developer,"EcoMap Technologies, Inc."
Web Developer,Twine
Front-End Developer,Vermillio
Junior Website Developer,Digital Resource
Frontend Developer,Epic Notion
Web Developer (Entry Level) - Us,Pattern Learning AI - Career & Tech Recruitment Reimagined!
Jr Full Stack Web Developer,HireMeFast - Land A Job - Hire Top Talents Remotely - Staffing & Recruitment
Front End (Web) Developer,Proctorio
Jr. Frontend Software Engineer,"CrossCountry Mortgage, LLC"
Front End Developer (Entry Level) - US/Canada,Pattern Learning AI - Career & Tech Recruitment Reimagined!
Front End Developer,Payment Approved
Front End Web Developer,DealerVero
Junior Web Developer,VertexOne
Frontend Engineer,Porter
Jr. Full Stack Developer,Stellar Professionals
Full Stack Developer,Vivid Mortgages Inc
Front End Web Developers,DealerVero
Front-End Developer,Zortech Solutions
Entry-Level FrontEnd Engineer (Javascript/HTML/CSS),HireMeFast - Land A Job - Hire Top Talents Remotely - Staffing & Recruitment
Entry Web Developer,DonationXchange
Front End Developer,The IT Gigs
Junior Front End Developer - US/Canada,Pattern Learning AI - Career & Tech Recruitment Reimagined!
Front-End Developer (Remote),Prevail Legal
Junior Front-End Developer - US/Canada,Pattern Learning AI - Career & Tech Recruitment Reimagined!
Junior Web Developer,Loyola University Chicago
"Entry-Level Front-End Engineer (Javascript/HTML/CSS), US/Canada",HireMeFast - Land A Job - Hire Top Talents Remotely - Staffing & Recruitment
Web Developer (Front-End),RV Staffing
Full Stack Developer,The Araca Group
Front End Developer,Infinite Computer Solutions
Frontend Engineer - All Levels,Amberflo.io
Full Stack Developer,Springbig
Full Stack Developer,Apple
Junior Full-Stack Engineer,Thoughtful AI
Front End Developer,Infinite Computer Solutions
Front End Developer,Idea Evolver
Web Developer,"VeilSun, Inc."
Front End Developer (Entry Level),Pattern Learning AI - Career & Tech Recruitment Reimagined!
"Junior Web Developer, US/Canada",HireMeFast - Land A Job - Hire Top Talents Remotely - Staffing & Recruitment
Website Developer,PRC Group
(Entry Level) Full Stack Web Developer,HireMeFast - Land A Job - Hire Top Talents Remotely - Staffing & Recruitment
Web Developer,Maties RAG
Junior Full Stack Web Developer - US/Canada,Pattern Learning AI - Career & Tech Recruitment Reimagined!
Junior Full Stack Web Developer - US/Canada,Pattern Learning AI - Career & Tech Recruitment Reimagined!
Frontend Developer,Hire LinkedIn Testing
Junior Website Developer - US/Canada,Pattern Learning AI - Career & Tech Recruitment Reimagined!
Junior Web Developer,VMD Corp
"Junior Web Developer, US/Canada",HireMeFast - Land A Job - Hire Top Talents Remotely - Staffing & Recruitment
Full-stack developer,Experfy
Frontend Web Developer,Stellar Professionals
Junior Front-End Developer,CERES Group
Website Developer (Entry Level) - US/Canada,Pattern Learning AI - Career & Tech Recruitment Reimagined!
Front End Developer (Entry Level) - US,Pattern Learning AI - Career & Tech Recruitment Reimagined!
Junior Web Developer - US/Canada,Pattern Learning AI - Career & Tech Recruitment Reimagined!
Junior Full Stack/Java Developer,SynergisticIT
React Engineer/Developer,Zortech Solutions
Front End React Developer,Experient Group
Web Developer (Front-End),Avalon Health Care Group
Front-End Developer(Junior Level),SynergisticIT
(Entry Level) Frontend Engineer (JavaScript/HTML/CSS) - US,Pattern Learning AI - Career & Tech Recruitment Reimagined!
Web Developer,LoadUp
Front End Engineer,PhotoShelter
Front End Developers,"DevSelect, LLC"
Web Developer,Steady Vision
Frontend Engineer (Fully Remote),CSV Now
UI Front End Developer,GliaCell Technologies
Web Developer - Remote | WFH,Get It Recruit - Information Technology
Web Developer,Cubalex
Front End Developer,Stellent IT
Junior Full Stack Engineer,Pattern Learning AI - Career & Tech Recruitment Reimagined!
Front End Software Engineer Intern,NetBrain Technologies Inc.
UI / Front-End Developer,Level All
Front End Developer (Entry Level) - US,Pattern Learning AI - Career & Tech Recruitment Reimagined!
(Entry Level) Frontend Engineer (JavaScript/HTML/CSS) - US,Pattern Learning AI - Career & Tech Recruitment Reimagined!
Web Developer,"Amick Brown - SAP, Cloud Technologies and Business Intelligence Staffing & Consulting"
Frontend Engineer,Lightdash
Junior Web Developer,Synergy ECP
Full Stack Software Engineer - Web,Sundae.fm
Junior Front End Developer,SynergisticIT
Front End Developer,JavanTech Inc
Frontend Engineer,Tablet Hotels
Front End Engineer,Healthcare.com
Frontend Developer,FinTech LLC
Website Developer (Entry Level) - US/Canada,Pattern Learning AI - Career & Tech Recruitment Reimagined!
Jr Web Developer,INADEV
Web Developer,"Amick Brown - SAP, Cloud Technologies and Business Intelligence Staffing & Consulting"
Desenvolvedor Front-End,Pasquali Solution
Front-End Developer,Stellent IT
Front End Developer (Entry Level)- US/Canada,Pattern Learning AI - Career & Tech Recruitment Reimagined!
Full Stack Web Developer (Entry Level) - US,Pattern Learning AI - Career & Tech Recruitment Reimagined!
Software Engineer (Full-stack),Ganymede
Front End Engineer,Mashvisor
Web Developer,"Dreamscape Marketing, LLC"
FrontEnd / JavaScript Engineer,MoTek Technologies
Full Stack Engineer,allwhere
Frontend Developer,FinTech LLC
Frontend Developer,Proliant
Web Developer (Digital Team),Rishabh Software
Software Engineer (Full-Stack),Cyberjin
Front End Developer,Wise Skulls
Mid Frontend Developer,MindPal
Full Stack Engineer,Porter
Jr Full Stack Developer (Java/Angular) - Remote | WFH,Get It Recruit - Information Technology
Full Stack Developer,Infinite Computer Solutions
Front-end Engineer (All levels),"Roberts Recruiting, LLC"
Mid Frontend Developer,MindPal
Jr Front End Developer,SynergisticIT
Web Developer,APCON
Intern Front End Developer Web3,DApp360 Workforce
Software Engineer (Front-End Developer) (Remote - Worldwide),Verra
Web Developer,COEADAPT INC.
Full Stack Software Engineer - Web,Sundae.fm
Full-Stack Web Developer - Remote | WFH,Get It Recruit - Information Technology
Mid Frontend Developer,MindPal
Entry Level Front End Developer (Remote),SynergisticIT
"Front End Developer | HTML, CSS, and JavaScript","Cybertec, Inc"
Front End Developer,Stellent IT
Front End Engineer,Tome
Front End Software Engineer,Allnessjobs
Front-end Engineer | Full-time | Remote-first,Ressio Software
Frontend Developer,Studio 8E8
Mid Frontend Developer,MindPal
Mid-Level Web Developer - Remote,MeetKai
Front End Web Devloper,"Tech Providers, Inc"
Front End Design Engineer,Apple
Front-end Web Developer with UI/UX,"Anveta, Inc"
Mid Frontend Developer,MindPal
Mid Frontend Developer,MindPal
Website Developer Entry Level,HireMeFast - Land A Job - Hire Top Talents Remotely - Staffing & Recruitment
Frontend developer,Stellent IT
Full-stack Engineer,Valstro
Front End Developer,Superlative Technologies
Mid Frontend Developer,MindPal
Junior Level | Full Stack Developer,Atlantic Group
Frontend Engineer,Loaded
Web Developer,Adame Services
Frontend Developer,Extend Information Systems Inc.
Full Stack Developer,"Voluware, Inc"
"Full Time, Full Stack Developer",Unified Patents
Mid Frontend Developer,MindPal
Full Stack Software Engineer - Web,Sundae.fm
Mid Frontend Developer,MindPal
Frontend Developer,Jefferson Frank
Web Developer,"IT Engagements, Inc."
Frontend Engineer (UI) (Remote),Tessell
Remote Front-End Web Developer,Eleos Technologies
Frontend Engineer,Bastion
UI /Front End Engineer,Saransh Inc
Frontend Software Developer (React),Procare Solutions
Full Stack Developer,StackPath
Front End Engineer,minware
Front End/UI Engineer or JavaScript Developer(Onsite),Sonitalent Corp
Front End Developer - Remote | WFH,Get It Recruit - Marketing
Mid Frontend Developer,MindPal
Mid Frontend Developer,MindPal
Full Stack Developer,VRK IT Vision Inc.
Junior Full Stack Developer React/Python - US/Canada,Pattern Learning AI - Career & Tech Recruitment Reimagined!
Full Stack Developer,Verneek
Front-end Web Developer/Engineer,UNLEADED
Desenvolvedor Full Stack,Pasquali Solution
Frontend Engineer (Remote),"Orange Comet, Inc."
Full Stack Software Engineer Intern (6 months),Hypotenuse AI
Web Developer,Brunner
Trainee Web Developer,IT Career Switch
Frontend Developer,ALIS Software LLC
Mid Frontend Developer,MindPal
Frontend Engineer,Forkable
Front End developer,Wise Skulls
Software Engineer (UI / Full Stack),Epistemix
Web Developer,MoTek Technologies
Jr. Web Developer,WebFX
Front End Developer,Keylent Inc
Frontend Developer,MoTek Technologies
Frontend Engineer,Bastion
Full Stack Web Developer (Entry Level) - US/Canada,Pattern Learning AI - Career & Tech Recruitment Reimagined!
Java Front End Developer (Entry Level) - US/Canada,Pattern Learning AI - Career & Tech Recruitment Reimagined!
Mid Frontend Developer,MindPal
Mid Frontend Developer,MindPal
Mid Frontend Developer,MindPal
Mid Frontend Developer,MindPal
Mid Frontend Developer,MindPal
Mid Frontend Developer,MindPal
Front End Developer,PaceMateÂ® | Remote Monitoring + Beyond. We never miss a beat.Â®
Front End Web Developer Short Term,Honest Abe Roofing
Front-end Engineer | Full-time | Remote-first,Ressio Software
Front-End Engineer,MoTek Technologies
Front-End Software Engineer Intern,Arkansas Center for Data Sciences
Junior Full Stack Engineer,Allnessjobs
Front End JavaScript Developer (HYBRID),Serigor Inc
Frontend Engineer (Remote),MoTek Technologies
Mid Frontend Developer,MindPal
Mid Frontend Developer,MindPal
Web Developer,Triangle Direct Media
Web Developer,"RIT Solutions, Inc."
Full Stack Developer,BayNova
"Software Engineer, Front-End (Retain and Expand)",Grammarly
Web Developer,Rise25
Full Stack Engineer - Junior/Mid-level,Terafuze
Frontend Engineer,Bastion
Web Developer - Remote | WFH,Get It Recruit - Information Technology
Full Stack Software Engineer,Urban Sky
Front End Developer,Micasa Global
Front End Developer (Remote),Vengreso | Type Less. Do More.
Mid Frontend Developer,MindPal
Mid Frontend Developer,MindPal
Web Developer,Coldwater Creek
Full-stack developer,Experfy
Mid Frontend Developer,MindPal
Full Stack Engineer,PathSpot
"Front End Developer- 100% Remote, URGENT Role need GC or Citizen only",Ekodus INC.
Full-stack Developer,Vermonster
Full Stack Web Developer (Entry Level)-US,Pattern Learning AI - Career & Tech Recruitment Reimagined!
Front End Web Developer,Syrinx Consulting
Mid Frontend Developer,MindPal
Front End Web Developer,Latitude Inc
Full Stack Web Developer,Circuit of The Americas
Mid Frontend Developer,MindPal
Front End Developer,PLACE
Junior Full Stack Software Engineer,Xage Security
Mid Frontend Developer,MindPal
Front End Developer,IT Minds LLC
FrontEnd Software Engineer,MoTek Technologies
Mid Frontend Developer,MindPal
UI Front End Developer - Remote | WFH,Get It Recruit - Information Technology
Mid Frontend Developer,MindPal
Mid Frontend Developer,MindPal
Front-end Developer,Bump Health
Front-End Developer (Remote Work),e.construct Fz LLC
"Software Engineer, Front-End (Retain and Expand)",Grammarly
Software Engineer: Web Developer,Nanobiosym
Full Stack developer,TechTammina LLC
Jr. Full Stack Software Engineer,University of North Carolina at Chapel Hill
Full Stack Engineer,Experfy
Mid Frontend Developer,MindPal
Mid Frontend Developer,MindPal
Mid Frontend Developer,MindPal
Front End Developer - Permanent/Remote,PSI (Proteam Solutions)
Front-End Developer,Fusion Technology LLC
Front-end React Web Developer,First and Third
Frontend Software Engineer,DRUM Associates
Web Developer,Hybrid Data Security
Front-End Developer,"Konami Gaming, Inc."
Web Developer,"REDLattice, Inc."
Mid Frontend Developer,MindPal
UI Front End Developer,GliaCell Technologies
Front-End Engineer,MoTek Technologies
Web Developer - Remote | WFH,Get It Recruit - Information Technology
Mid Frontend Developer,MindPal
Full Stack Engineer (Entry Level),Pattern Learning AI - Career & Tech Recruitment Reimagined!
Mid Frontend Developer,MindPal
Jr Full Stack Developer (Java/Angular),Metric5
Junior Java Full Stack Developer - US/Canada,Pattern Learning AI - Career & Tech Recruitment Reimagined!
Front-End Developer,Revalue Nature
Jr Full Stack Developer (Remote),SynergisticIT
Full Stack Engineer,Tavus
Mid Frontend Developer,MindPal
Mid Frontend Developer,MindPal
Full Stack Software Developer,CaryRx
Front End Developer,PLACE
Junior Web Developer and Support Technician,Couple
Front-End Software Engineer,MoTek Technologies
Full Stack Software Developer,KEV Group
Mid Frontend Developer,MindPal
Mid Frontend Developer,MindPal
Mid Frontend Developer,MindPal
Full Stack Developer,FreightPlus
Full-stack Java developer,ZETTALOGIX INC
Front End Developer,Polar IT
Front End Developer - Permanent/Remote,PSI (Proteam Solutions)
Web Developer,Syrinx Consulting
Full Stack Software Engineer,Amira Health
Front-End Web Developer,Oticon
Frontend Engineer I,Foxconn D Group
ðŸŽ¨ Founding Frontend Engineer,DeForm
Full Stack Developer,Xplore
Front End Engineering Developer,Experfy
Frontend Developer,MoTek Technologies
Web Developer,"TeamGov, Inc."
Front End Developer,Stellent IT
Front End Developer,Stellent IT
Mid Frontend Developer,MindPal
Trainee Web Developer,IT Career Switch
Full Stack Engineer,Experfy
Software Engineer (Front-End) - Remote | WFH,Get It Recruit - Information Technology
Mid Frontend Developer,MindPal
Front End Developer,Granicus
Web Developer,J5 Consulting
Front-End Web Developer/Web Designer 1,Teltech Group
Full Stack Engineer,UpCodes
Frontend Software Engineer,Charlie
Frontend Engineer,HustleWing - Side hustles for professionals
"Software Engineer, Front-End (Retain and Expand)",Grammarly
Web Developer - Remote | WFH,Get It Recruit - Information Technology
Mid Frontend Developer,MindPal
Full Stack Developer,Reveal HealthTech
Front-End Developer,IT Minds LLC
Frontend Developer,MoTek Technologies
"Full-Stack Junior Engineer, Experiences",HireMeFast - Land A Job - Hire Top Talents Remotely - Staffing & Recruitment
Front-End Developer (Web Developer),"University of Maryland, Baltimore (UMB)"
Full Stack Engineer,Tome
Front End Developer,TekIntegral
Full Stack Developer Co-op (Spring 2024),BMW Group
Front End Developer,"Eccalon, LLC"
Junior Frontend Web Developer,First Community Credit Union
Full Stack Developer,Our Upcoming Revolution's Technology
Frontend React Developer,Innovalus Technologies
React Front End Developer,Stacklr
Full Stack Software Engineer,Outpatient App
Frontend Developer,Info Way Solutions
Full Stack Software Engineer,Membersy
Front-end Developer â€“ Mid-Level - Full-Time Remote Position â€“ US Citizen,GovFirst
Front End Web Devloper,VARITE INC
Front End Developer,MoTek Technologies
Full Stack Developer,Infinite Computer Solutions
Mid Frontend Developer,MindPal
PHP Front-end Developer (Remote),ArthurPaige
PHP Front-end Developer (Remote),ArthurPaige
Mid Frontend Developer,MindPal
Full-Stack Web Developer - Global/Remote,MixRank
Frontend Application Developer (Remote),Lightning Labs
Front end developer,Info Way Solutions
Web Developer (FT),Taxfam
"Software Engineer, Front-End (Retain and Expand)",Grammarly
Mid Frontend Developer,MindPal
Front-End WebApp Software Developer (Junior)-- Annapolis Junction MD,"iBovi - Staffing, Consulting and Recruitment Services"
Frontend Engineer,Meter
Software Engineer (Frontend),Cookin Inc.
Mid Frontend Developer,MindPal
Frontend Developer (React),Pryon
Full Stack Developer,"FEFA, LLC"
Fullstack Developer (Node.JS & React),MindPal
Junior Full Stack Developer React/Python,Pattern Learning AI - Career & Tech Recruitment Reimagined!
Full Stack Engineer,Method
Web Developer,Roth Staffing
Front End Developer,Internet Tool & Die Company
Mid Frontend Developer,MindPal
Full Stack Developer,"Cybertec, Inc"
Front end Developer,Spanco Solutions
Full-stack Engineer,VIR Consultant LLC
Full Stack Engineer,Cypris
Web Developer,"Kishmish, Inc."
Web Developer,Cohere Technology Group
Mid Frontend Developer,MindPal
Front End Developer,PLACE
Web Developer 1,Damco Solutions
Frontend Developer,MoTek Technologies
Mid Frontend Developer,MindPal
Full stack developer || Remote,Steneral Consulting
Frontend Developer,DS Technologies Inc
"Software Engineer, Full-Stack",Conduit
Backend Web Developer - Remote,24G
Front End Web Engineer,The VillagesÂ®
Front End Engineer (All levels),"Roberts Recruiting, LLC"
Frontend Developer,Adame Services
Mid Frontend Developer,MindPal
Full-Stack Software Engineer,VisitorsCoverage Inc.
Fullstack Developer (Node.JS & React),MindPal
Full Stack Developer,Calypso Way
Full Stack Developer,Concord IT Systems
Frontend Engineer (UI),Tessell
Full Stack Web Developer,Spatial
Web and Application Developer,The Edge Treatment Center
"Software Engineer, Front-End (Retain and Expand)",Grammarly
Front End Designer/Developer,"DevSelect, LLC"
Front End Developer,Global Network Technologies
Full Stack Developer- 1,Zortech Solutions
Full Stack Developer- 1,Zortech Solutions
Frontend Developer,Xsell Resources
Full Stack Developer,Dimensions HRD Consultants
WEBSITE AND ECOMMERCE DEVELOPER,East Coast Diesel LLC
Mid Frontend Developer,MindPal
"Software Engineer, Front-End (Retain and Expand)",Grammarly
Frontend Web Developer,Michael Page
Mid Frontend Developer,MindPal
Fullstack Developer (Node.JS & React),MindPal
Mid Frontend Developer,MindPal
Full Stack Developer,Wise Skulls
Full-Stack Developer Intern,Arkansas Center for Data Sciences
Full Stack Developer (Javascript) - Remote | WFH,Get It Recruit - Information Technology
Web Developer,Kolter Solutions
Front End JavaScript Developer,"Integrated Resources, Inc ( IRI )"
Front End Developer (IC) - A&R Portal & Marketplace,Beatclub
Frontend Developer,LHH
Front-End Engineer (Remote or Los Angeles),SDG
Web Developer,SilverEdge
Web Developer,HustleWing - Side hustles for professionals
Full Stack Engineer,Experfy
Mid Frontend Developer,MindPal
Full Stack Developer,MoTek Technologies
Front End Developer,NR Consulting
(Entry Level) Full Stack Engineer,HireMeFast - Land A Job - Hire Top Talents Remotely - Staffing & Recruitment
Web Developer (Angular),Adame Services
Fullstack Developer (Node.JS & React),MindPal
Frontend Engineer,Numeric
Frontend Engineer,MoTek Technologies
Full Stack Software Engineer,Membersy
Full Stack Developer,Kaltura
Full Stack Engineer,Ticketmaster
Frontend Engineer,MoTek Technologies
Full Stack Developer,Extend Information Systems Inc.
Frontend Engineer,MoTek Technologies
Web Developer - Remote | WFH,Get It Recruit - Information Technology
Frontend Developer,HAN Staffing
Mid Frontend Developer,MindPal
"Software Engineer, Full-Stack",Loop
Junior Web Developer â€“ Cleared,CGI
Mid Frontend Developer,MindPal
Fullstack Developer (Node.JS & React),MindPal
Front end developer,Info Way Solutions
Full-Stack Engineer (Entry Level),Pattern Learning AI - Career & Tech Recruitment Reimagined!
Full Stack Software Engineer,Vebu
Frontend Software Engineer Graduate (Global E-Commerce) - 2024 (BS/MS),ByteDance
Frontend Engineer (Anime Games),Spellbrush
Frontend Developer,Storm6
Fullstack Developer (Node.JS & React),MindPal
Front End Software Developer,Convirgence
Front End Software Developer,Convirgence
Front End developer with (ROKU or BrightScript),ClifyX
Frontend Developer,MoTek Technologies
Fullstack Developer (Node.JS & React),MindPal
UI Front End Developer,The Center for Health Information and Analysis
Back End Web Developer Intern,InstaHub
Full-Stack Software Engineer,Listella
Mid Frontend Developer,MindPal
Fullstack Developer (Node.JS & React),MindPal
Junior Node.js Full Stack Engineer- TypeScript,Pattern Learning AI - Career & Tech Recruitment Reimagined!
Front End Developer,NR Consulting
Full Stack Developer,NSP
"Software Engineer (Full Stack), DALLÂ·E",OpenAI
Full Stack Engineers,"Certec, Inc."
Website Developer,Mental Health Association of San Francisco
Front-End Developer - Remote | WFH,Get It Recruit - Information Technology
Web Developer,"Liberty Personnel Services, Inc."
JavaScript Front-End Programmer Developer (ERP),Interco
Web Developer - Remote,Pheasants Forever
Web Developer (NodeJS/ReactJS),Innovative Metrics
Full Stack Developer,CarmaCare
Full Stack Developer,Cloud Security Services
FullStack Backend Engineer,Zortech Solutions
Full Stack Developer,Infinitive
Full Stack Software Engineer,treble.ai
Front-End Engineer,MoTek Technologies
Mid Frontend Developer,MindPal
Web Developer,TWINN iNTELLIGENCE GROUP
Full Stack Engineer,Natsoft
Frontend Engineer,"Virtualitics, Inc."
Front-End Engineer,MoTek Technologies
Full Stack Engineer (React/Node.js),Thunkable
Front End/CSS Developer,Perfict
Front End Developer,NR Consulting
Fullstack Developer (Node.JS & React),MindPal
Full-Stack Engineer,Throw
Full-Stack Developer,Mixhers
Web Developer,Talent 21 LLC
Front End Engineer / Developer,Hazel Health
"Software Engineer, Front-End (Retain and Expand)",Grammarly
Full Stack Developer,Quadrant 8 Technologies
Web Developer,Avalon Health Care Group
Full Stack Developer (Javascript),Curotec
Fullstack Developer (Node.JS & React),MindPal
Front End Developer,"The Brixton Group, Inc."
Web Developer 1,Damco Solutions
Full-Stack Engineer,Blink - The Frontline Experts
Front End Software Developer,Synergy ECP
Mid Frontend Developer,MindPal
Frontend Engineer II,Diligent Robotics
Frontend Engineer II,Diligent Robotics
Full Stack Developers (Front End),CloudQ
Fullstack Developer (Node.JS & React),MindPal
Founding Frontend Engineer,VectorShift
Fullstack Developer (Node.JS & React),MindPal
Front End Developer,OSO Ventures Inc
Front End Developer - 772492,AddSource
Frontend UI Developer,Webologix Ltd/ INC
Java Front End Developer,EPSoft
Mid Frontend Developer,MindPal
Frontend Engineer,HustleWing - Side hustles for professionals
Mid Frontend Developer,MindPal
Front End Web Developer,"Roberts Recruiting, LLC"
Full Stack Developer,TrueSyncMedia Inc.
Frontend Software Developer,"DESE Research, Inc."
Web Developer,"The Metamorphosis Group, Inc."
Front End Engineer,AudiencePlus
Web Developer/Designer,Stillwater Human Capital LLC
Front end developer,Info Way Solutions
Mid Frontend Developer,MindPal
Front End Engineer - BlastPoint,Innovation Works
Full Stack Engineer,KG Invicta Services (KGiS)
Full Stack Engineer,Mill
Mid Frontend Developer,MindPal
Full Stack Software Engineer,Lightdash
